claim_id,work_order_id,claim_date,failure_category,claim_amount,claim_status,approval_date
1,3552,2024-12-15,Other,6714.34,Rejected,
2,2302,2024-11-05,Transmission,14062.13,Rejected,
3,3646,2024-10-04,Brakes,2612.68,Approved,2024-10-13
4,4300,2024-07-18,Transmission,11528.89,Pending,
5,2060,2024-04-29,Brakes,4545.96,Approved,2024-05-06
6,4829,2024-03-27,Suspension,18615.01,Approved,2024-04-09
7,5046,2024-11-19,Electrical,8484.51,Rejected,
8,1953,2024-10-25,Suspension,16489.71,Approved,2024-11-06
9,1864,2025-04-25,Engine,16313.08,Approved,2025-04-29
10,1232,2024-04-23,Suspension,18843.14,Rejected,
11,2960,2024-05-16,Brakes,21980.39,Approved,2024-05-23
12,5002,2024-12-26,Transmission,13515.32,Pending,
13,2594,2025-03-22,Transmission,4350.52,Approved,2025-04-01
14,4588,2025-06-01,Engine,16820.19,Approved,2025-06-09
15,3093,2025-05-06,AC,9864.13,Approved,2025-05-17
16,249,2025-01-07,AC,15880.88,Approved,2025-01-13
17,3677,2025-08-09,Transmission,3877.4,Approved,2025-08-14
18,3155,2025-08-02,Transmission,24764.53,Rejected,
19,3200,2025-02-27,Suspension,10947.11,Approved,2025-03-10
20,656,2025-02-21,Electrical,3283.16,Approved,2025-03-05
21,115,2024-03-24,Brakes,6713.72,Approved,2024-04-03
22,3255,2025-05-07,Suspension,11486.66,Approved,2025-05-19
23,3288,2025-07-12,AC,12553.0,Approved,2025-07-21
24,3175,2024-06-06,Other,34725.83,Approved,2024-06-12
25,3617,2025-09-17,Transmission,61039.96,Approved,2025-09-22
26,2490,2025-06-23,AC,26705.23,Approved,2025-07-07
27,4188,2025-04-13,Engine,8875.41,Approved,2025-04-19
28,4258,2024-05-18,Electrical,8998.9,Approved,2024-05-28
29,1970,2025-12-09,AC,3687.33,Approved,2025-12-21
30,377,2024-12-25,AC,3120.86,Rejected,
31,5041,2024-07-09,Electrical,2646.64,Approved,2024-07-13
32,217,2024-11-09,AC,8071.45,Approved,2024-11-12
33,3457,2024-03-30,AC,8466.37,Approved,2024-04-01
34,4462,2024-12-08,Engine,3971.87,Pending,
35,1015,2024-04-13,Electrical,11923.4,Approved,2024-04-24
36,5026,2024-05-31,Suspension,10148.71,Approved,2024-06-08
37,5064,2024-12-05,Engine,23020.86,Rejected,
38,1810,2024-10-14,Engine,47793.28,Approved,2024-10-22
39,4189,2025-11-22,AC,4535.07,Approved,2025-12-05
40,194,2024-01-13,Electrical,17299.6,Approved,2024-01-24
41,1600,2024-07-25,Other,35476.47,Approved,2024-08-06
42,3621,2024-12-28,AC,24564.19,Approved,2025-01-12
43,1190,2024-01-08,Suspension,10870.06,Approved,2024-01-13
44,805,2024-09-08,Engine,14751.91,Approved,2024-09-22
45,3926,2025-04-08,Other,31613.52,Pending,
46,5036,2024-10-13,Suspension,5790.31,Approved,2024-10-18
47,2003,2025-04-10,Suspension,6380.47,Approved,2025-04-20
48,4692,2024-02-21,Engine,16861.64,Approved,2024-02-29
49,5148,2024-10-10,AC,5488.94,Pending,
50,1694,2024-11-06,Suspension,19743.66,Approved,2024-11-13
51,897,2025-04-25,Engine,2779.18,Approved,2025-05-07
52,306,2024-12-21,Engine,25925.79,Approved,2024-12-23
53,4414,2025-09-12,Brakes,26468.76,Approved,2025-09-14
54,4121,2024-10-07,Brakes,19870.04,Approved,2024-10-11
55,757,2024-01-18,Transmission,8999.69,Approved,2024-02-01
56,616,2024-09-18,Suspension,29905.78,Rejected,
57,667,2024-07-05,AC,2599.14,Approved,2024-07-17
58,4378,2024-11-30,Electrical,1952.26,Approved,2024-12-02
59,4570,2024-07-03,Engine,3367.76,Approved,2024-07-11
60,2851,2024-03-25,Other,18541.31,Approved,2024-04-03
61,1293,2025-07-16,Suspension,5896.81,Approved,2025-07-28
62,3426,2024-10-09,AC,15925.87,Approved,2024-10-16
63,1485,2025-06-26,Brakes,3095.15,Approved,2025-07-11
64,939,2024-03-05,Transmission,9513.8,Approved,2024-03-15
65,672,2024-12-12,AC,6403.41,Approved,2024-12-18
66,1499,2025-04-05,Other,3840.91,Approved,2025-04-08
67,4958,2025-08-18,Brakes,27245.84,Approved,2025-08-22
68,92,2024-01-28,Other,29592.66,Approved,2024-02-10
69,4883,2025-01-03,Transmission,39312.23,Approved,2025-01-07
70,2530,2024-06-29,Suspension,16242.55,Approved,2024-07-12
71,2401,2025-08-07,AC,13514.63,Approved,2025-08-11
72,1498,2025-02-06,Engine,14249.41,Approved,2025-02-21
73,596,2025-06-18,Transmission,9216.56,Approved,2025-06-23
74,2927,2024-09-15,Engine,3970.77,Approved,2024-09-28
75,4867,2025-12-23,Electrical,6792.23,Approved,2025-12-25
76,2754,2024-09-12,Other,18150.86,Approved,2024-09-19
77,1455,2024-10-11,Brakes,2687.82,Rejected,
78,3644,2025-05-08,AC,40063.2,Approved,2025-05-18
79,873,2025-05-14,Suspension,7300.82,Approved,2025-05-25
80,430,2024-09-03,Transmission,48957.01,Pending,
81,4952,2025-03-04,Engine,3268.95,Approved,2025-03-19
82,1227,2024-11-19,Electrical,17269.77,Approved,2024-12-03
83,519,2025-06-10,Electrical,41798.02,Approved,2025-06-17
84,4076,2025-03-27,Electrical,6434.91,Approved,2025-03-29
85,820,2025-08-22,Engine,9508.1,Approved,2025-08-30
86,5006,2024-12-09,Electrical,47048.05,Approved,2024-12-22
87,134,2024-12-31,Suspension,20248.42,Approved,2025-01-04
88,3683,2024-11-10,AC,7973.57,Approved,2024-11-16
89,3876,2024-06-08,Electrical,8985.7,Approved,2024-06-13
90,3841,2024-05-18,Other,61186.25,Approved,2024-05-25
91,3401,2024-12-31,Transmission,1376.48,Approved,2025-01-12
92,4254,2025-05-28,Suspension,31785.69,Approved,2025-06-03
93,713,2025-06-30,Other,26093.7,Pending,
94,5048,2024-03-07,Engine,13792.03,Approved,2024-03-17
95,4066,2025-08-06,Brakes,16266.46,Approved,2025-08-16
96,904,2024-05-21,Transmission,4517.67,Approved,2024-05-30
97,2949,2024-01-15,Other,33898.67,Approved,2024-01-27
98,3808,2024-05-19,Electrical,5729.39,Approved,2024-06-02
99,3752,2024-06-05,AC,32445.54,Approved,2024-06-15
100,4005,2025-07-24,Other,19994.9,Pending,
101,4232,2025-08-01,AC,10962.35,Approved,2025-08-13
102,1556,2024-10-31,Suspension,55980.54,Approved,2024-11-12
103,2507,2025-01-22,Suspension,43953.1,Approved,2025-02-02
104,1841,2025-01-16,Engine,1432.42,Approved,2025-01-24
105,4898,2024-11-14,Transmission,41530.02,Approved,2024-11-19
106,3875,2025-02-13,Suspension,25500.94,Approved,2025-02-22
107,2887,2024-10-16,Electrical,34767.47,Pending,
108,3031,2024-10-17,Other,10945.63,Approved,2024-10-21
109,1324,2024-01-09,AC,31410.55,Approved,2024-01-20
110,4298,2024-05-14,Suspension,1481.09,Approved,2024-05-22
111,4659,2025-06-03,Transmission,6367.4,Approved,2025-06-05
112,3417,2024-11-22,Brakes,22675.59,Pending,
113,2461,2025-12-23,Suspension,41416.94,Approved,2025-12-30
114,1695,2024-05-28,Brakes,21321.13,Pending,
115,1347,2024-09-21,AC,25322.43,Approved,2024-09-23
116,299,2025-05-11,Engine,6787.91,Approved,2025-05-20
117,4820,2025-08-15,Suspension,15428.19,Rejected,
118,1493,2024-05-16,Engine,48802.82,Approved,2024-05-27
119,4697,2024-07-27,Engine,5007.69,Approved,2024-08-09
120,4735,2025-09-11,Electrical,9891.23,Approved,2025-09-18
121,3097,2025-12-04,AC,9427.99,Approved,2025-12-13
122,1516,2025-05-25,Engine,13050.41,Approved,2025-05-27
123,3848,2025-01-30,Transmission,16313.44,Approved,2025-02-01
124,4215,2025-10-15,Brakes,15058.9,Approved,2025-10-30
125,1522,2024-03-29,Suspension,7183.7,Approved,2024-04-12
126,2673,2025-04-19,Suspension,16590.24,Rejected,
127,65,2025-09-23,Brakes,17884.44,Approved,2025-10-03
128,3836,2025-06-29,AC,25370.26,Approved,2025-07-13
129,1503,2025-12-10,Transmission,20378.41,Approved,2025-12-24
130,2677,2024-08-12,Electrical,13527.12,Approved,2024-08-16
131,5096,2025-06-05,Suspension,32697.19,Approved,2025-06-08
132,2886,2024-09-19,Engine,7834.74,Rejected,
133,4694,2025-01-16,Brakes,35885.56,Approved,2025-01-26
134,1017,2025-02-26,Transmission,15814.76,Rejected,
135,2462,2024-10-19,Suspension,22380.12,Approved,2024-11-03
136,2934,2025-07-26,Engine,46417.64,Approved,2025-08-10
137,3858,2024-03-01,Electrical,3795.64,Approved,2024-03-11
138,3960,2025-04-05,AC,29251.46,Pending,
139,4995,2024-06-11,Engine,21112.47,Approved,2024-06-13
140,4229,2024-11-07,AC,42148.78,Approved,2024-11-16
141,5175,2024-04-04,Transmission,2068.51,Approved,2024-04-18
142,469,2024-04-26,Transmission,66987.36,Approved,2024-05-09
143,1732,2025-12-16,Engine,10517.8,Approved,2025-12-24
144,4553,2025-03-21,Brakes,26318.89,Approved,2025-03-24
145,475,2024-04-15,Engine,13553.5,Approved,2024-04-24
146,1509,2024-12-16,Suspension,54769.81,Approved,2024-12-26
147,4153,2025-04-25,Transmission,20591.55,Approved,2025-04-29
148,3199,2024-12-05,Other,4741.48,Pending,
149,2489,2024-06-05,Suspension,33203.83,Approved,2024-06-13
150,4574,2024-05-03,Suspension,12878.7,Approved,2024-05-13
151,2539,2024-04-15,Suspension,19462.01,Approved,2024-04-26
152,4693,2025-01-29,Engine,29213.43,Pending,
153,1162,2025-09-21,Electrical,18356.89,Approved,2025-09-23
154,3104,2024-07-18,Suspension,1886.44,Rejected,
155,2540,2025-05-12,Other,1739.35,Approved,2025-05-25
156,3599,2024-03-02,Other,3721.28,Approved,2024-03-15
157,3536,2024-04-15,Suspension,43721.34,Approved,2024-04-25
158,4219,2025-05-31,Other,9316.17,Approved,2025-06-03
159,3234,2025-06-11,Transmission,10784.4,Approved,2025-06-22
160,3549,2025-09-01,Brakes,58531.37,Rejected,
161,466,2025-05-18,Suspension,56023.69,Approved,2025-05-26
162,4184,2025-09-20,Brakes,3982.62,Approved,2025-09-25
163,3439,2024-07-02,Suspension,10613.82,Approved,2024-07-17
164,3188,2025-09-23,Transmission,2332.91,Rejected,
165,839,2024-09-14,Brakes,18320.42,Approved,2024-09-23
166,3107,2025-02-02,Brakes,7054.76,Approved,2025-02-16
167,1603,2025-04-06,Engine,6117.42,Approved,2025-04-15
168,740,2025-07-07,Suspension,12345.09,Rejected,
169,5068,2024-08-24,Transmission,49961.41,Approved,2024-08-29
170,2426,2024-01-13,Suspension,3817.35,Approved,2024-01-21
171,2145,2025-04-27,Transmission,10270.33,Approved,2025-05-09
172,4205,2025-06-09,Other,1771.83,Approved,2025-06-18
173,809,2024-01-09,AC,24148.1,Approved,2024-01-18
174,3162,2024-09-11,Brakes,19226.04,Approved,2024-09-18
175,1565,2024-03-27,Transmission,10807.86,Approved,2024-04-02
176,1250,2024-09-08,Electrical,22301.23,Approved,2024-09-21
177,2169,2024-04-01,Suspension,8479.33,Rejected,
178,3151,2025-11-10,Brakes,13022.08,Approved,2025-11-14
179,2196,2024-01-25,Suspension,10317.99,Approved,2024-01-31
180,864,2024-12-31,Electrical,7070.81,Approved,2025-01-15
181,2134,2026-01-04,Brakes,32624.87,Approved,2026-01-11
182,4336,2024-08-22,Engine,6918.52,Approved,2024-08-24
183,626,2025-11-26,Transmission,8543.06,Approved,2025-12-03
184,3663,2025-10-22,Transmission,21114.46,Rejected,
185,2937,2024-08-27,Other,39852.59,Rejected,
186,4346,2025-05-04,Brakes,38783.4,Approved,2025-05-07
187,3220,2025-01-06,Brakes,2924.76,Approved,2025-01-20
188,637,2025-05-01,Electrical,8337.81,Approved,2025-05-06
189,5077,2024-09-15,Electrical,3879.18,Approved,2024-09-26
190,802,2024-10-02,Engine,9644.22,Approved,2024-10-11
191,4651,2024-11-03,Transmission,30845.9,Approved,2024-11-05
192,2434,2024-12-20,Suspension,21579.55,Approved,2024-12-23
193,2054,2024-12-17,Brakes,4611.14,Approved,2024-12-25
194,4132,2024-05-26,Transmission,4092.18,Approved,2024-06-04
195,5043,2024-04-28,Electrical,35353.44,Approved,2024-05-07
196,2168,2024-07-24,AC,73176.58,Approved,2024-08-08
197,4177,2024-12-30,Transmission,9150.88,Approved,2025-01-11
198,3758,2025-09-11,Suspension,5572.88,Approved,2025-09-20
199,2885,2025-12-16,Transmission,17816.54,Rejected,
200,3270,2025-10-05,Other,7512.51,Rejected,
201,3449,2024-09-02,Other,2349.5,Approved,2024-09-09
202,3834,2025-02-15,Transmission,3170.86,Approved,2025-03-02
203,4552,2024-03-24,Transmission,7323.58,Approved,2024-04-05
204,2405,2024-10-16,Engine,2347.93,Approved,2024-10-29
205,2897,2025-11-16,Transmission,10258.75,Approved,2025-11-24
206,1761,2024-12-01,Suspension,6053.63,Approved,2024-12-08
207,2151,2024-06-30,Engine,9607.28,Approved,2024-07-09
208,2356,2025-05-19,Transmission,3809.11,Approved,2025-05-23
209,3012,2024-02-26,AC,9188.51,Rejected,
210,3869,2025-10-11,Electrical,11298.96,Approved,2025-10-24
211,1676,2025-07-08,AC,8229.69,Approved,2025-07-18
212,3177,2025-03-20,Engine,47995.85,Approved,2025-03-27
213,3757,2024-08-22,Brakes,40350.63,Approved,2024-09-03
214,2081,2024-03-10,Engine,11782.34,Pending,
215,370,2025-11-20,Brakes,24824.29,Approved,2025-12-05
216,2688,2024-04-30,Other,9476.05,Rejected,
217,2961,2024-11-07,Transmission,17058.42,Approved,2024-11-22
218,4360,2025-07-05,Electrical,2999.55,Rejected,
219,903,2024-04-19,Suspension,5931.71,Approved,2024-04-23
220,5037,2024-04-20,Suspension,13975.61,Rejected,
221,2625,2024-11-08,Engine,4328.24,Approved,2024-11-12
222,2572,2025-06-17,AC,30608.93,Approved,2025-06-20
223,5117,2024-11-18,Other,22280.79,Approved,2024-11-25
224,3483,2024-01-23,Transmission,33474.9,Rejected,
225,2031,2025-05-23,Transmission,8550.23,Approved,2025-05-27
226,2640,2024-12-17,Engine,8601.32,Approved,2024-12-29
227,392,2025-03-02,Engine,15432.31,Approved,2025-03-15
228,3557,2024-05-25,Brakes,25585.81,Rejected,
229,3127,2024-05-28,Other,5933.35,Approved,2024-06-02
230,4956,2024-02-29,Engine,33959.58,Approved,2024-03-15
231,4959,2024-10-13,Other,17179.08,Approved,2024-10-27
232,1744,2025-07-11,Suspension,4386.95,Approved,2025-07-13
233,1855,2025-07-02,Engine,14519.48,Approved,2025-07-06
234,806,2025-05-14,Electrical,1731.73,Approved,2025-05-20
235,4417,2024-11-29,Engine,3338.69,Approved,2024-12-03
236,4797,2025-10-29,Other,16972.3,Rejected,
237,4482,2025-01-04,Other,48999.68,Approved,2025-01-18
238,3681,2024-04-24,Other,22476.92,Approved,2024-04-28
239,4680,2026-01-02,Brakes,11982.97,Approved,2026-01-10
240,834,2025-04-27,Transmission,11865.04,Rejected,
241,1755,2024-03-24,AC,13843.25,Rejected,
242,963,2025-07-06,Engine,13807.98,Rejected,
243,4175,2024-09-07,AC,32487.36,Approved,2024-09-17
244,1942,2025-12-26,Other,6820.57,Pending,
245,1599,2024-02-13,Brakes,21599.84,Approved,2024-02-22
246,1954,2024-10-18,Suspension,12736.8,Approved,2024-11-02
247,1883,2025-05-03,AC,8532.03,Approved,2025-05-07
248,4544,2024-06-03,Brakes,28169.86,Rejected,
249,3043,2024-02-23,Other,22284.17,Rejected,
250,5177,2024-09-25,Other,24446.63,Pending,
251,1961,2025-06-13,AC,12436.52,Approved,2025-06-16
252,4623,2024-05-10,Brakes,31250.08,Approved,2024-05-24
253,4271,2024-03-09,Brakes,9314.77,Pending,
254,2672,2024-06-21,AC,6994.4,Pending,
255,646,2025-02-25,Transmission,37035.43,Approved,2025-03-02
256,4812,2024-08-18,Brakes,7375.05,Rejected,
257,3821,2025-07-27,Electrical,3991.57,Approved,2025-08-03
258,4439,2024-07-17,Transmission,3526.08,Approved,2024-07-25
259,3939,2024-12-30,Suspension,4033.33,Approved,2025-01-10
260,5018,2025-12-05,Engine,3323.74,Approved,2025-12-15
261,648,2024-05-11,Electrical,32051.71,Rejected,
262,1176,2025-10-08,AC,7800.12,Rejected,
263,454,2025-08-07,Engine,16653.11,Approved,2025-08-09
264,3053,2025-12-24,Engine,46923.41,Rejected,
265,1442,2024-05-13,Electrical,8460.64,Approved,2024-05-15
266,3936,2025-10-30,Other,30564.84,Rejected,
267,2841,2024-01-29,Other,29175.31,Rejected,
268,2136,2025-03-16,Suspension,22893.55,Approved,2025-03-30
269,17,2024-07-23,Transmission,17538.93,Approved,2024-08-07
270,4814,2025-03-21,Other,37192.07,Approved,2025-04-05
271,2475,2025-10-16,Suspension,3657.05,Approved,2025-10-18
272,4477,2025-06-17,Brakes,14651.45,Approved,2025-06-25
273,5183,2024-03-19,Transmission,8608.01,Approved,2024-03-29
274,2847,2024-07-20,AC,4672.49,Approved,2024-07-22
275,3027,2024-01-06,AC,15806.87,Approved,2024-01-21
276,2411,2024-06-18,Transmission,33798.58,Approved,2024-07-02
277,3204,2024-10-05,Electrical,19381.69,Approved,2024-10-13
278,2671,2025-05-04,AC,21715.95,Pending,
279,3160,2025-09-24,Suspension,3233.81,Rejected,
280,4147,2024-10-09,Engine,10440.19,Approved,2024-10-20
281,4700,2025-06-22,Electrical,11212.01,Approved,2025-06-29
282,4395,2024-08-08,Suspension,3374.15,Pending,
283,2517,2025-05-17,Transmission,16053.41,Approved,2025-05-22
284,93,2025-04-15,Engine,22472.72,Approved,2025-04-29
285,3528,2024-08-05,Engine,18835.88,Approved,2024-08-10
286,427,2024-05-23,Transmission,4014.61,Approved,2024-06-03
287,3385,2024-12-06,Suspension,3825.52,Pending,
288,4968,2024-02-17,Other,22980.09,Approved,2024-03-03
289,1236,2025-11-29,Brakes,11021.51,Approved,2025-12-13
290,3388,2025-06-28,Other,4870.26,Approved,2025-07-11
291,3076,2025-04-14,Suspension,14835.7,Pending,
292,2662,2025-08-01,Transmission,21394.7,Approved,2025-08-04
293,3989,2024-02-20,Transmission,11698.18,Approved,2024-02-23
294,4667,2025-04-06,AC,23579.68,Rejected,
295,2018,2024-02-04,Brakes,33396.67,Approved,2024-02-19
296,2906,2025-07-12,Engine,34018.07,Approved,2025-07-18
297,2358,2026-01-01,Other,33442.36,Approved,2026-01-10
298,2829,2024-08-13,AC,13235.66,Approved,2024-08-18
299,4365,2024-07-19,Electrical,51853.37,Approved,2024-07-23
300,1851,2024-07-04,AC,36257.62,Approved,2024-07-12
301,4617,2024-06-14,Engine,5197.79,Approved,2024-06-19
302,3629,2025-07-17,Transmission,26343.66,Rejected,
303,1852,2025-05-14,Other,17239.1,Approved,2025-05-25
304,4158,2024-10-24,Brakes,20064.45,Approved,2024-10-28
305,2019,2025-02-15,Electrical,9831.74,Approved,2025-03-01
306,3295,2025-07-11,AC,6179.22,Rejected,
307,4179,2025-07-16,AC,7846.95,Approved,2025-07-22
308,1282,2024-06-01,AC,17371.49,Pending,
309,1343,2025-01-15,Other,12942.21,Approved,2025-01-17
310,3407,2025-12-05,Transmission,6473.98,Approved,2025-12-12
311,2627,2024-02-17,Electrical,12396.71,Approved,2024-03-01
312,1177,2025-10-14,Transmission,12090.45,Rejected,
313,1585,2024-12-02,Suspension,20646.18,Rejected,
314,220,2024-12-15,Other,15652.76,Rejected,
315,2058,2024-03-12,Brakes,7481.0,Approved,2024-03-21
316,819,2025-09-05,Brakes,5540.69,Approved,2025-09-17
317,3859,2025-10-05,AC,10690.87,Rejected,
318,2052,2024-05-09,Transmission,19887.31,Approved,2024-05-11
319,3721,2025-05-03,Engine,5195.27,Pending,
320,4039,2025-12-27,Suspension,16274.98,Approved,2026-01-02
321,2685,2024-10-31,Other,23761.72,Approved,2024-11-04
322,1046,2025-01-12,AC,7275.46,Approved,2025-01-16
323,2403,2024-07-16,AC,19553.45,Approved,2024-07-28
324,5049,2024-03-28,Other,14507.86,Pending,
325,618,2024-12-15,Other,18200.4,Approved,2024-12-21
326,1497,2025-07-24,Electrical,2585.53,Approved,2025-08-07
327,2626,2025-09-23,Brakes,11709.88,Approved,2025-10-05
328,4117,2025-05-01,Engine,37388.87,Approved,2025-05-11
329,3459,2025-02-06,Engine,14471.74,Approved,2025-02-10
330,1566,2025-01-29,Transmission,4392.07,Approved,2025-02-07
331,4938,2024-07-30,Suspension,2315.2,Approved,2024-08-01
332,1218,2024-05-25,Brakes,16300.98,Approved,2024-06-03
333,5120,2025-10-13,Suspension,6111.08,Approved,2025-10-22
334,2065,2025-06-14,Engine,29701.69,Approved,2025-06-20
335,4838,2025-12-23,Engine,10661.22,Pending,
336,1072,2024-03-18,Other,23510.04,Approved,2024-03-21
337,4220,2025-03-23,Suspension,18565.94,Approved,2025-04-04
338,4806,2024-10-22,Brakes,6715.15,Approved,2024-11-06
339,3081,2024-11-15,Brakes,25164.49,Approved,2024-11-19
340,3222,2024-10-20,Other,13474.98,Approved,2024-10-25
341,1277,2024-02-25,Transmission,34408.72,Pending,
342,660,2024-10-05,AC,2545.89,Rejected,
343,1012,2024-03-07,Engine,11724.28,Approved,2024-03-15
344,2586,2025-07-02,Suspension,1881.03,Approved,2025-07-16
345,4074,2024-04-30,Transmission,54843.62,Approved,2024-05-02
346,4221,2025-07-05,Transmission,25935.05,Approved,2025-07-20
347,1368,2025-08-25,Transmission,39235.0,Pending,
348,2691,2024-07-18,Suspension,23670.37,Approved,2024-07-23
349,2459,2025-09-16,Brakes,24020.53,Rejected,
350,513,2024-01-14,Suspension,8316.88,Approved,2024-01-24
351,651,2024-12-03,Suspension,15454.12,Approved,2024-12-05
352,170,2025-12-21,Engine,21329.13,Approved,2026-01-04
353,2867,2024-01-29,Brakes,4422.06,Approved,2024-02-10
354,3935,2025-11-12,Other,23211.77,Approved,2025-11-14
355,3101,2024-08-12,Engine,17679.98,Approved,2024-08-27
356,774,2024-07-08,Transmission,44476.86,Approved,2024-07-10
357,3524,2025-11-24,Electrical,31446.17,Approved,2025-12-03
358,561,2024-05-22,Engine,20608.82,Approved,2024-06-06
359,4493,2024-04-16,Brakes,14120.61,Approved,2024-04-25
360,1364,2025-07-19,AC,23385.81,Approved,2025-07-31
361,928,2024-04-10,Suspension,28633.73,Approved,2024-04-19
362,3550,2024-07-23,Electrical,4696.17,Approved,2024-07-27
363,1861,2024-12-29,Suspension,40404.43,Approved,2025-01-09
364,1779,2025-09-12,Other,26721.32,Approved,2025-09-21
365,1041,2024-04-20,Other,15516.58,Approved,2024-04-26
366,1746,2024-08-11,Brakes,1608.08,Approved,2024-08-18
367,3809,2025-10-17,Brakes,52736.61,Approved,2025-10-27
368,2144,2025-08-07,Other,23980.66,Approved,2025-08-12
369,2905,2025-03-16,Electrical,50078.36,Approved,2025-03-25
370,4586,2025-12-16,Suspension,24122.4,Approved,2025-12-29
371,4620,2025-04-24,Suspension,4110.21,Approved,2025-04-30
372,153,2024-06-07,Electrical,24093.93,Approved,2024-06-15
373,3525,2024-11-25,Other,18915.89,Approved,2024-11-29
374,90,2025-12-18,Transmission,9832.44,Approved,2026-01-01
375,570,2025-03-28,Transmission,8034.14,Approved,2025-04-04
376,1370,2025-05-26,AC,6317.77,Approved,2025-06-08
377,4810,2025-12-27,Brakes,37245.85,Approved,2025-12-31
378,4233,2025-06-20,Engine,54043.53,Approved,2025-06-28
379,3201,2024-11-09,AC,30873.44,Approved,2024-11-11
380,699,2025-06-15,Other,6440.33,Approved,2025-06-23
381,360,2024-04-19,AC,13719.44,Approved,2024-04-24
382,4777,2024-04-19,Brakes,2206.13,Approved,2024-05-02
383,4125,2024-06-04,Electrical,11204.35,Pending,
384,1038,2025-03-26,AC,6281.83,Approved,2025-03-31
385,2029,2025-02-27,Electrical,4797.46,Rejected,
386,2788,2024-01-14,Transmission,3265.93,Approved,2024-01-20
387,1784,2024-10-25,Suspension,28543.82,Rejected,
388,1055,2025-10-26,Electrical,33310.98,Pending,
389,290,2025-03-18,Suspension,5828.83,Approved,2025-03-26
390,5097,2025-07-12,Brakes,2159.88,Approved,2025-07-15
391,1987,2024-10-02,Transmission,1587.32,Approved,2024-10-04
392,1826,2024-06-20,Other,6143.6,Approved,2024-06-26
393,4504,2025-12-27,Brakes,26981.01,Approved,2025-12-31
394,2362,2024-08-23,Transmission,13685.7,Approved,2024-08-28
395,4505,2024-05-04,Electrical,4166.48,Approved,2024-05-07
396,1701,2024-09-26,Engine,28842.84,Approved,2024-10-08
397,1505,2024-10-27,Engine,1602.14,Pending,
398,3135,2025-04-12,Transmission,16754.98,Pending,
399,2077,2024-10-17,Transmission,32847.94,Approved,2024-10-22
400,4742,2025-11-03,Electrical,9993.96,Approved,2025-11-14
401,2790,2025-03-11,Electrical,26802.26,Approved,2025-03-25
402,1285,2024-02-20,Transmission,56368.18,Approved,2024-02-27
403,2543,2025-04-16,Other,23629.29,Rejected,
404,1750,2024-08-04,Brakes,5129.26,Approved,2024-08-16
405,1568,2025-10-16,Electrical,17640.74,Pending,
406,4203,2024-10-23,AC,8841.32,Approved,2024-11-01
407,2220,2025-04-21,Suspension,6947.93,Approved,2025-05-02
408,1100,2024-04-01,Suspension,8773.1,Approved,2024-04-03
409,3543,2025-02-12,Engine,10603.07,Approved,2025-02-14
410,4251,2025-10-14,Engine,33818.76,Rejected,
411,2440,2024-04-01,Suspension,16061.18,Rejected,
412,2969,2024-07-20,Suspension,1738.19,Approved,2024-07-25
413,2180,2025-07-04,Engine,26432.07,Approved,2025-07-18
414,262,2025-07-12,Transmission,2572.88,Approved,2025-07-23
415,4377,2024-01-28,AC,9296.39,Approved,2024-02-09
416,4526,2024-05-21,Suspension,45173.37,Approved,2024-05-26
417,4488,2024-09-05,AC,19713.54,Rejected,
418,3774,2024-04-04,Suspension,6771.64,Pending,
419,3647,2024-03-26,Suspension,16012.02,Rejected,
420,4110,2025-03-20,Brakes,6058.02,Approved,2025-03-28
421,981,2024-06-04,Brakes,4185.7,Approved,2024-06-16
422,1665,2024-05-10,Suspension,10198.17,Pending,
423,1111,2024-02-26,Brakes,9454.18,Approved,2024-03-07
424,4040,2024-08-31,AC,15303.35,Approved,2024-09-12
425,4056,2024-05-15,Suspension,22469.18,Pending,
426,1658,2025-10-20,Suspension,11997.79,Approved,2025-10-30
427,4372,2024-10-25,Other,20853.85,Approved,2024-11-09
428,5014,2024-09-18,Other,3094.26,Approved,2024-10-03
429,5181,2024-08-19,Other,30275.56,Approved,2024-08-25
430,3150,2024-01-26,Other,20697.07,Approved,2024-02-02
431,3885,2025-06-27,Engine,22582.74,Approved,2025-07-11
432,3510,2024-03-08,Suspension,33152.36,Approved,2024-03-11
433,2126,2025-07-20,Electrical,10581.16,Approved,2025-07-29
434,2900,2024-08-12,Engine,18253.41,Pending,
435,3129,2024-09-27,Electrical,6497.61,Approved,2024-10-07
436,1214,2024-06-10,Electrical,7930.32,Approved,2024-06-25
437,663,2024-10-24,Engine,13444.48,Approved,2024-11-06
438,128,2024-05-05,Engine,3721.79,Approved,2024-05-09
439,1153,2025-09-12,Other,18802.81,Approved,2025-09-26
440,1967,2024-03-04,Brakes,11689.26,Approved,2024-03-08
441,3564,2025-02-10,Electrical,32342.1,Rejected,
442,4459,2024-07-01,Brakes,21076.28,Pending,
443,4134,2024-02-21,Suspension,1764.24,Approved,2024-03-01
444,1717,2025-08-30,Engine,45713.51,Approved,2025-09-04
445,5131,2024-12-21,Engine,24979.93,Rejected,
446,684,2025-02-27,Transmission,4283.89,Approved,2025-03-02
447,4672,2025-09-01,Other,7953.01,Approved,2025-09-13
448,1446,2024-06-25,Transmission,1743.2,Approved,2024-07-05
449,4646,2025-11-28,Brakes,32922.46,Rejected,
450,4949,2025-03-22,Other,33241.47,Approved,2025-03-29
451,1936,2024-07-17,Transmission,9815.97,Pending,
452,3063,2025-11-25,AC,3478.79,Pending,
453,1233,2025-11-23,Transmission,4304.21,Approved,2025-11-27
454,1523,2024-03-07,Engine,14184.77,Approved,2024-03-15
455,2652,2024-04-12,Engine,47774.86,Approved,2024-04-27
456,4801,2024-04-26,AC,13685.93,Pending,
457,287,2024-01-04,AC,18524.34,Approved,2024-01-11
458,1924,2025-12-11,Electrical,42376.22,Approved,2025-12-22
459,592,2024-08-25,Engine,6325.85,Approved,2024-08-31
460,3790,2025-04-10,Transmission,33678.02,Rejected,
461,635,2024-09-12,Other,14639.94,Approved,2024-09-21
462,351,2024-04-27,Brakes,12604.62,Approved,2024-05-09
463,994,2025-08-02,Electrical,33883.72,Approved,2025-08-13
464,540,2025-08-31,Suspension,30425.15,Rejected,
465,108,2024-10-27,Other,3954.75,Approved,2024-11-05
466,2895,2024-04-24,Brakes,17104.38,Approved,2024-05-04
467,3115,2025-08-06,Suspension,3347.73,Approved,2025-08-12
468,3803,2024-08-21,Electrical,5590.27,Rejected,
469,2593,2025-08-15,Other,7193.21,Approved,2025-08-29
470,1879,2025-02-10,Electrical,5635.46,Approved,2025-02-23
471,5040,2025-06-16,Other,10256.64,Approved,2025-06-19
472,3393,2024-10-21,Brakes,49884.25,Approved,2024-11-05
473,4077,2024-08-23,Electrical,15555.24,Approved,2024-09-07
474,435,2025-07-03,Electrical,14332.99,Approved,2025-07-17
475,1088,2024-10-04,Brakes,18998.02,Approved,2024-10-06
476,2147,2024-06-06,Transmission,9881.86,Approved,2024-06-11
477,1059,2024-08-12,AC,15598.72,Approved,2024-08-24
478,1926,2026-01-01,Other,1981.89,Approved,2026-01-03
479,2798,2024-12-09,Electrical,32480.26,Rejected,
480,2964,2024-05-18,AC,20787.73,Pending,
481,4115,2024-02-18,Transmission,19730.86,Approved,2024-03-04
482,4025,2025-12-26,Electrical,2848.58,Approved,2026-01-06
483,2166,2024-02-26,Electrical,14867.95,Approved,2024-03-11
484,2904,2024-01-13,Other,27901.22,Pending,
485,909,2024-02-12,Other,5789.01,Approved,2024-02-24
486,397,2025-02-09,Other,19607.04,Pending,
487,385,2025-06-10,Electrical,12143.54,Pending,
488,892,2024-05-08,Transmission,3375.28,Approved,2024-05-22
489,4899,2025-09-09,AC,6853.69,Approved,2025-09-11
490,3530,2025-03-28,Electrical,5171.47,Approved,2025-04-06
491,2674,2024-02-02,Suspension,5584.02,Pending,
492,4966,2025-06-04,Transmission,53113.29,Pending,
493,2047,2025-07-16,Other,2411.45,Approved,2025-07-27
494,2386,2024-07-25,AC,12824.3,Approved,2024-07-27
495,3580,2024-03-06,Suspension,20699.24,Approved,2024-03-20
496,1559,2025-11-25,Other,22755.04,Rejected,
497,1172,2024-09-20,AC,2263.7,Approved,2024-09-22
498,3143,2024-11-18,Transmission,3878.71,Approved,2024-11-25
499,746,2024-08-11,Engine,15393.71,Approved,2024-08-22
500,237,2025-05-20,Engine,19708.57,Approved,2025-05-28
501,1730,2024-06-27,Other,5944.46,Approved,2024-07-11
502,737,2024-09-28,Electrical,19961.91,Rejected,
503,3327,2024-03-19,Engine,16228.55,Approved,2024-03-30
504,4767,2024-09-15,Electrical,26756.45,Approved,2024-09-28
505,2839,2024-10-22,Electrical,44146.55,Rejected,
506,4558,2025-01-12,Transmission,14465.53,Approved,2025-01-26
507,182,2025-04-28,Brakes,12994.03,Approved,2025-05-04
508,403,2024-11-01,Brakes,12476.38,Approved,2024-11-06
509,1065,2024-02-07,Transmission,28416.36,Rejected,
510,550,2024-03-07,Brakes,17664.94,Approved,2024-03-22
511,3304,2025-08-21,Suspension,39788.73,Approved,2025-08-26
512,1023,2024-08-02,AC,6985.75,Approved,2024-08-09
513,332,2024-03-11,AC,14535.67,Approved,2024-03-22
514,4288,2025-05-05,Electrical,11984.03,Approved,2025-05-15
515,2675,2025-12-17,AC,20528.02,Approved,2025-12-24
516,4521,2025-02-07,Transmission,13539.31,Approved,2025-02-16
517,4054,2025-09-19,Engine,50790.55,Approved,2025-09-29
518,1063,2024-05-22,AC,32416.03,Approved,2024-05-24
519,3511,2025-07-27,Suspension,29636.35,Approved,2025-08-09
520,2767,2025-01-17,Other,51958.01,Pending,
521,1538,2024-04-16,Engine,24630.78,Approved,2024-04-21
522,1449,2024-12-19,Brakes,37130.07,Approved,2024-12-30
523,1469,2025-12-12,Brakes,38255.86,Approved,2025-12-25
524,2105,2024-12-03,Suspension,21379.66,Rejected,
525,1853,2025-12-16,Engine,6430.76,Approved,2025-12-28
526,3433,2024-09-29,Engine,43377.61,Approved,2024-10-05
527,3968,2025-05-27,Electrical,4508.15,Approved,2025-06-10
528,1587,2025-08-09,AC,9580.86,Rejected,
529,3596,2024-04-30,Engine,10963.6,Rejected,
530,2980,2025-06-19,Suspension,3430.5,Pending,
531,4666,2025-07-30,AC,9168.95,Approved,2025-08-03
532,2201,2024-03-09,Engine,31857.88,Approved,2024-03-11
533,2909,2025-02-15,Suspension,20485.66,Approved,2025-02-28
534,458,2024-04-04,Electrical,18242.6,Approved,2024-04-11
535,2028,2025-04-14,Suspension,60728.11,Pending,
536,2496,2025-11-04,Electrical,50184.5,Approved,2025-11-12
537,206,2025-06-03,Transmission,32474.2,Approved,2025-06-16
538,3501,2024-07-18,Suspension,10372.23,Rejected,
539,1109,2024-11-21,Transmission,12173.23,Approved,2024-12-02
540,291,2024-01-22,Brakes,23075.39,Approved,2024-01-31
541,2899,2025-06-08,Transmission,29121.99,Approved,2025-06-22
542,1937,2024-01-03,Transmission,15457.55,Approved,2024-01-05
543,474,2024-05-04,Other,8344.75,Approved,2024-05-13
544,1529,2024-08-01,Electrical,4164.39,Approved,2024-08-05
545,3265,2025-10-13,Other,17865.07,Pending,
546,4634,2025-04-02,Electrical,24116.42,Approved,2025-04-05
547,230,2025-11-12,Electrical,44359.81,Approved,2025-11-18
548,2721,2025-08-24,Brakes,29353.69,Approved,2025-08-27
549,4413,2024-10-01,AC,2004.34,Approved,2024-10-12
550,3271,2025-06-01,Brakes,11412.79,Approved,2025-06-04
551,301,2024-10-18,Transmission,2061.26,Approved,2024-10-21
552,1488,2025-10-15,Electrical,23358.65,Approved,2025-10-30
553,2248,2024-02-24,Transmission,24030.63,Rejected,
554,2835,2024-04-16,Electrical,2973.17,Approved,2024-04-23
555,2724,2024-12-04,AC,21372.8,Pending,
556,1754,2025-02-17,Suspension,13507.96,Approved,2025-02-25
557,4765,2025-10-22,Electrical,27900.01,Approved,2025-10-25
558,5015,2025-08-28,Brakes,23789.36,Approved,2025-09-02
559,649,2025-04-21,Engine,8142.9,Approved,2025-04-25
560,933,2025-07-01,AC,4345.43,Approved,2025-07-06
561,4489,2024-08-12,AC,21481.06,Approved,2024-08-19
562,2320,2025-05-29,AC,20022.92,Approved,2025-06-07
563,3147,2024-11-26,Suspension,9410.34,Approved,2024-12-05
564,1866,2024-06-30,Engine,38811.36,Approved,2024-07-06
565,2853,2024-12-09,Other,2093.71,Approved,2024-12-17
566,4032,2024-11-22,AC,29774.06,Approved,2024-11-28
567,1430,2024-01-09,Electrical,9658.51,Approved,2024-01-18
568,1904,2025-06-03,Engine,20979.89,Approved,2025-06-17
569,655,2024-04-15,Other,19231.73,Pending,
570,328,2024-04-01,Transmission,4090.84,Approved,2024-04-15
571,2349,2025-12-17,Transmission,4521.71,Approved,2026-01-01
572,3729,2025-09-03,AC,19258.47,Approved,2025-09-18
573,870,2025-12-26,Brakes,1897.07,Pending,
574,1215,2025-08-03,Electrical,20244.44,Rejected,
575,362,2025-06-01,AC,4102.37,Approved,2025-06-16
576,3640,2025-09-06,Suspension,4566.57,Approved,2025-09-19
577,1413,2024-04-23,Other,3142.86,Approved,2024-05-01
578,1342,2024-06-21,Electrical,12683.58,Pending,
579,3958,2025-12-27,Engine,12326.87,Approved,2026-01-09
580,703,2024-07-22,Engine,18312.3,Rejected,
581,4287,2025-04-01,Transmission,47623.97,Approved,2025-04-03
582,2288,2024-09-10,Transmission,6401.43,Approved,2024-09-24
583,517,2025-02-12,Suspension,30032.4,Approved,2025-02-18
584,3245,2025-05-29,Engine,26739.46,Approved,2025-06-06
585,5102,2024-12-30,Brakes,31700.23,Rejected,
586,5039,2024-04-05,AC,2476.33,Approved,2024-04-14
587,1531,2024-11-03,AC,13787.19,Approved,2024-11-10
588,3572,2024-09-30,AC,27071.41,Pending,
589,1519,2024-03-25,AC,26382.08,Pending,
590,3456,2024-09-11,Other,17551.61,Approved,2024-09-21
591,3058,2024-11-12,Suspension,17176.14,Approved,2024-11-16
592,2179,2024-07-09,Other,28796.17,Approved,2024-07-18
593,866,2024-03-13,AC,9302.43,Pending,
594,4123,2025-07-29,Brakes,3695.35,Approved,2025-08-03
595,292,2024-04-27,Transmission,12051.34,Approved,2024-05-03
596,1767,2024-01-21,Electrical,19426.37,Approved,2024-01-28
597,4440,2024-07-21,Electrical,3953.76,Pending,
598,2245,2025-06-11,Suspension,32154.0,Approved,2025-06-14
599,1210,2024-04-02,Other,19608.65,Approved,2024-04-11
600,3691,2025-06-26,Brakes,27596.5,Approved,2025-07-09
601,2948,2025-12-24,AC,8599.32,Approved,2026-01-01
602,3244,2024-05-31,Suspension,4282.83,Rejected,
603,167,2024-05-06,AC,4182.41,Approved,2024-05-08
604,3645,2025-07-11,Electrical,16020.15,Approved,2025-07-19
605,1159,2024-12-05,Brakes,32240.24,Approved,2024-12-18
606,3065,2024-10-02,Engine,5101.08,Approved,2024-10-14
607,495,2025-09-20,Suspension,2460.16,Approved,2025-09-23
608,2226,2025-06-14,Engine,10282.27,Approved,2025-06-16
609,2138,2024-07-02,Other,2246.26,Approved,2024-07-15
610,3654,2024-01-24,Suspension,8969.36,Approved,2024-02-08
611,109,2024-07-25,Transmission,20009.44,Approved,2024-07-29
612,5166,2025-01-10,Other,6466.81,Approved,2025-01-14
613,2402,2025-03-22,Transmission,2860.51,Approved,2025-03-26
614,2493,2024-06-25,Other,13181.77,Approved,2024-06-27
615,4585,2025-07-12,Transmission,50728.66,Approved,2025-07-23
616,2208,2024-01-26,Transmission,49124.01,Rejected,
617,717,2024-05-16,Suspension,34125.96,Approved,2024-05-26
618,515,2025-07-29,Transmission,14966.34,Pending,
619,123,2024-01-13,Electrical,2553.7,Approved,2024-01-20
620,2241,2024-05-17,Other,42841.71,Approved,2024-05-24
621,4183,2024-10-15,AC,9127.07,Approved,2024-10-17
622,4406,2025-01-11,Suspension,3081.29,Approved,2025-01-13
623,339,2025-08-26,Transmission,26227.51,Approved,2025-08-30
624,3218,2024-06-26,AC,5802.24,Approved,2024-06-29
625,81,2025-03-07,Engine,20879.75,Approved,2025-03-14
626,3800,2025-12-19,Suspension,20806.92,Approved,2025-12-25
627,4722,2024-11-19,Electrical,11439.34,Approved,2024-12-04
628,5009,2025-04-27,AC,32242.55,Approved,2025-05-05
629,2140,2024-05-21,Engine,25610.72,Approved,2024-05-30
630,3398,2024-11-29,Transmission,4305.74,Pending,
631,578,2025-03-18,Electrical,33410.38,Pending,
632,2204,2024-08-31,Electrical,21286.3,Approved,2024-09-08
633,3541,2025-10-02,Electrical,17144.43,Approved,2025-10-04
634,4872,2025-06-07,Engine,3562.92,Approved,2025-06-20
635,4418,2024-03-14,Electrical,31052.92,Pending,
636,2505,2025-01-23,Transmission,10724.21,Approved,2025-02-05
637,1758,2025-02-20,Other,2555.09,Approved,2025-02-23
638,2521,2025-02-19,Brakes,20753.7,Approved,2025-03-03
639,1396,2025-10-06,Suspension,6188.8,Approved,2025-10-18
640,102,2025-08-16,AC,10785.17,Approved,2025-08-26
641,1146,2024-03-17,Electrical,36815.63,Approved,2024-03-23
642,1756,2025-03-24,Electrical,8599.15,Rejected,
643,4048,2024-09-27,Other,12183.11,Approved,2024-10-05
644,2609,2025-06-15,Other,28233.44,Approved,2025-06-23
645,1288,2024-04-13,Brakes,15514.76,Approved,2024-04-21
646,940,2024-07-26,Transmission,6846.1,Approved,2024-08-07
647,4891,2024-12-16,Other,40550.86,Approved,2024-12-29
648,3614,2025-04-22,Brakes,1798.62,Approved,2025-04-25
649,373,2024-03-29,Brakes,14368.76,Approved,2024-04-05
650,888,2025-03-25,Suspension,11643.34,Approved,2025-04-09
651,1374,2025-08-04,Transmission,18415.44,Approved,2025-08-07
652,453,2025-06-04,AC,12690.05,Approved,2025-06-09
653,4555,2025-05-25,Brakes,10723.71,Approved,2025-06-07
654,399,2024-03-27,Transmission,21072.74,Approved,2024-04-11
655,4000,2025-04-18,Electrical,25150.15,Rejected,
656,3623,2025-04-06,Engine,17867.61,Approved,2025-04-21
657,1346,2024-05-04,Brakes,30864.13,Approved,2024-05-07
658,1986,2024-10-13,Brakes,3804.48,Approved,2024-10-20
659,4940,2024-10-06,Transmission,14304.31,Approved,2024-10-11
660,378,2025-02-02,Engine,11765.61,Rejected,
661,3213,2025-06-15,Transmission,20434.27,Approved,2025-06-27
662,3305,2024-11-03,Suspension,5093.06,Approved,2024-11-07
663,3963,2024-05-02,Brakes,43549.96,Approved,2024-05-17
664,138,2025-09-25,Other,30261.8,Approved,2025-09-29
665,1381,2025-10-28,Other,15498.57,Approved,2025-11-05
666,1011,2025-02-07,Electrical,32125.03,Approved,2025-02-14
667,3470,2024-02-23,Electrical,32788.24,Approved,2024-03-09
668,3888,2025-08-20,Engine,2469.25,Approved,2025-08-30
669,4957,2025-08-05,AC,34188.08,Approved,2025-08-10
670,4962,2024-11-13,Other,25743.35,Approved,2024-11-24
671,4892,2024-05-04,Brakes,1154.81,Approved,2024-05-11
672,5173,2025-06-02,Electrical,41722.58,Approved,2025-06-11
673,1561,2024-01-29,Other,22952.99,Approved,2024-02-13
674,4024,2024-07-07,Electrical,10849.65,Approved,2024-07-13
675,1419,2024-02-09,Electrical,31160.79,Approved,2024-02-14
676,2336,2024-10-04,AC,1753.17,Approved,2024-10-18
677,1074,2025-06-28,Engine,6483.96,Approved,2025-07-05
678,914,2024-09-25,Engine,52087.79,Rejected,
679,3098,2025-01-02,Other,39554.35,Approved,2025-01-17
680,1945,2025-05-28,Other,8722.08,Approved,2025-06-05
681,5180,2024-05-12,Brakes,17625.24,Approved,2024-05-27
682,3236,2025-03-03,Electrical,22525.6,Approved,2025-03-17
683,479,2025-09-27,Suspension,10784.4,Pending,
684,1873,2025-12-12,Other,6305.75,Approved,2025-12-16
685,3116,2025-12-20,Suspension,25897.94,Approved,2025-12-27
686,3217,2025-10-27,Brakes,7553.3,Approved,2025-11-11
687,3504,2024-01-16,Other,47597.81,Approved,2024-01-24
688,1635,2025-02-19,Brakes,6798.77,Approved,2025-02-27
689,494,2024-06-02,Transmission,37099.36,Pending,
690,4165,2025-05-25,Engine,34449.5,Approved,2025-06-03
691,4130,2025-02-26,Other,17225.17,Approved,2025-03-07
692,2116,2024-06-27,Electrical,2436.16,Pending,
693,3982,2024-04-02,Brakes,12717.06,Approved,2024-04-15
694,2488,2024-06-22,AC,10157.17,Approved,2024-06-30
695,1107,2024-02-16,Electrical,14794.39,Approved,2024-03-02
696,2347,2025-04-17,AC,29707.02,Approved,2025-04-22
697,4363,2025-01-31,Suspension,33591.27,Approved,2025-02-06
698,3490,2025-10-15,Suspension,34980.92,Approved,2025-10-28
699,1496,2024-10-19,Transmission,7408.34,Approved,2024-11-03
700,3223,2025-08-28,Brakes,5359.04,Approved,2025-08-31
701,4551,2024-03-25,Other,30279.05,Rejected,
702,2888,2024-03-01,Electrical,35943.18,Approved,2024-03-16
703,4437,2024-10-16,Suspension,12943.32,Approved,2024-10-24
704,630,2025-08-13,Engine,4564.92,Approved,2025-08-15
705,3312,2025-05-02,Electrical,51544.81,Approved,2025-05-11
706,4682,2025-10-04,Electrical,10683.23,Pending,
707,1075,2024-03-19,Electrical,12843.88,Rejected,
708,4466,2024-11-28,Suspension,9406.08,Approved,2024-12-07
709,4322,2025-08-22,Transmission,27738.56,Approved,2025-09-05
710,2235,2024-03-25,Electrical,6725.94,Approved,2024-04-05
711,3028,2025-10-15,Other,25446.57,Approved,2025-10-17
712,5022,2024-02-26,Suspension,23538.17,Approved,2024-03-10
713,1341,2024-07-23,Suspension,10027.05,Approved,2024-08-02
714,4330,2025-08-02,Transmission,57077.26,Approved,2025-08-17
715,3932,2025-09-17,Brakes,11025.57,Approved,2025-09-27
716,4654,2024-09-27,Suspension,2695.13,Approved,2024-09-30
717,5124,2024-08-05,Other,18976.36,Approved,2024-08-16
718,707,2025-03-18,Brakes,7241.64,Approved,2025-03-26
719,1669,2024-06-28,Transmission,4717.73,Approved,2024-07-12
720,4137,2024-08-20,Brakes,3492.53,Approved,2024-08-25
721,4523,2025-12-17,Engine,76435.2,Approved,2025-12-26
722,615,2024-05-30,Brakes,13168.34,Approved,2024-06-05
723,3362,2024-05-02,Suspension,30061.88,Approved,2024-05-08
724,4664,2024-11-07,Other,11198.31,Approved,2024-11-16
725,3567,2025-02-25,AC,9976.13,Approved,2025-02-27
726,4978,2025-06-24,Engine,36960.89,Approved,2025-07-02
727,3835,2024-11-12,Brakes,57841.14,Approved,2024-11-20
728,3526,2025-01-22,Brakes,39717.87,Approved,2025-02-05
729,4557,2024-06-20,AC,17406.2,Approved,2024-06-26
730,199,2025-01-11,Suspension,22849.15,Pending,
731,1309,2025-06-10,Suspension,17625.44,Approved,2025-06-18
732,4564,2024-04-05,Engine,28863.61,Approved,2024-04-17
733,415,2024-09-04,AC,16144.3,Rejected,
734,6,2024-04-05,AC,32254.4,Approved,2024-04-20
735,401,2024-12-30,Other,9251.72,Pending,
736,2098,2025-07-06,Transmission,16050.99,Approved,2025-07-20
737,180,2024-12-20,Suspension,21242.76,Rejected,
738,159,2025-03-30,AC,6588.97,Approved,2025-04-13
739,1357,2024-01-04,AC,9577.74,Approved,2024-01-10
740,3716,2024-09-01,Electrical,10722.78,Approved,2024-09-11
741,1611,2024-05-10,Brakes,32162.53,Approved,2024-05-13
742,41,2025-07-10,AC,14062.21,Rejected,
743,3241,2024-07-08,Transmission,12837.32,Approved,2024-07-15
744,2977,2024-06-19,Brakes,13794.43,Approved,2024-06-26
745,3259,2025-10-20,AC,17727.86,Approved,2025-10-24
746,3592,2024-06-26,Transmission,8771.33,Approved,2024-06-30
747,2056,2025-08-17,Engine,3670.03,Approved,2025-08-21
748,2127,2024-07-03,AC,5720.35,Approved,2024-07-07
749,3922,2025-07-02,Brakes,17911.69,Approved,2025-07-14
750,1637,2024-03-26,Transmission,2300.88,Approved,2024-04-07
751,3471,2025-08-14,Suspension,5086.25,Pending,
752,4836,2025-01-08,Brakes,15467.8,Pending,
753,2222,2025-11-03,Transmission,27480.03,Approved,2025-11-18
754,1604,2024-03-13,Brakes,11231.86,Rejected,
755,1461,2024-01-27,Suspension,9636.08,Approved,2024-02-03
756,984,2024-06-18,Other,3291.41,Approved,2024-07-02
757,2200,2025-03-11,Engine,2013.39,Approved,2025-03-16
758,918,2025-03-21,Brakes,22030.12,Approved,2025-03-23
759,58,2025-03-28,Transmission,11721.9,Approved,2025-03-30
760,849,2024-03-06,Suspension,11582.34,Approved,2024-03-09
761,1772,2025-04-30,Engine,9461.51,Approved,2025-05-03
762,4796,2025-08-04,Other,20744.46,Pending,
763,132,2024-11-07,Other,2995.46,Pending,
764,2270,2024-10-02,Electrical,27401.3,Approved,2024-10-11
765,3726,2025-01-22,Other,10392.83,Approved,2025-02-04
766,1204,2024-06-15,Transmission,14651.32,Approved,2024-06-19
767,1998,2025-06-16,Electrical,2640.81,Rejected,
768,376,2025-11-30,Transmission,13655.66,Approved,2025-12-06
769,83,2025-06-22,Engine,7126.83,Approved,2025-06-24
770,3210,2024-01-19,Suspension,2606.38,Approved,2024-02-03
771,2712,2024-03-08,Other,45404.43,Pending,
772,1859,2025-09-03,Suspension,17282.32,Approved,2025-09-17
773,3485,2024-07-21,Other,31549.09,Approved,2024-07-26
774,2529,2024-03-26,AC,19682.08,Approved,2024-03-30
775,1641,2024-09-29,AC,8086.92,Approved,2024-10-06
776,2982,2025-07-29,Electrical,17687.09,Approved,2025-08-10
777,2323,2025-08-03,Brakes,1852.72,Approved,2025-08-18
778,795,2024-08-19,Electrical,5854.44,Approved,2024-08-31
779,4392,2025-06-11,AC,42947.85,Approved,2025-06-19
780,101,2024-11-29,Transmission,6590.73,Pending,
781,3326,2024-03-17,Brakes,13672.71,Approved,2024-03-24
782,1868,2025-04-01,Engine,4055.62,Approved,2025-04-15
783,3811,2024-02-21,Engine,34791.47,Approved,2024-02-25
784,5129,2024-05-18,Transmission,55251.21,Pending,
785,1273,2024-02-18,Brakes,2931.05,Approved,2024-02-22
786,4575,2025-08-25,Brakes,23247.82,Approved,2025-09-04
787,4846,2024-04-22,AC,17377.53,Approved,2024-05-07
788,4518,2024-09-05,Transmission,26642.46,Approved,2024-09-07
789,2630,2024-04-16,Other,5356.12,Approved,2024-04-20
790,829,2025-01-11,Engine,30413.85,Approved,2025-01-15
791,1170,2025-09-25,Electrical,12482.82,Approved,2025-09-27
792,2372,2025-08-19,Transmission,2560.4,Approved,2025-08-27
793,3263,2025-03-29,Engine,10309.57,Approved,2025-04-02
794,3633,2025-11-10,Electrical,12033.8,Approved,2025-11-18
795,1299,2024-02-24,Suspension,5449.25,Approved,2024-03-09
796,3523,2025-03-31,AC,6971.94,Approved,2025-04-15
797,4594,2024-05-18,Other,9315.24,Approved,2024-05-30
798,3706,2025-08-01,Brakes,22390.8,Approved,2025-08-13
799,4027,2024-11-16,Engine,18925.55,Approved,2024-11-23
800,2422,2024-12-16,Electrical,2207.26,Approved,2024-12-25
801,3454,2025-02-10,Electrical,3975.04,Approved,2025-02-21
802,3908,2024-11-28,Suspension,4746.85,Rejected,
803,1835,2024-04-07,AC,12209.21,Approved,2024-04-22
804,1321,2025-04-21,Other,13177.01,Pending,
805,3704,2024-02-12,Suspension,9506.34,Approved,2024-02-14
806,1551,2024-01-29,Engine,56412.14,Rejected,
807,529,2024-02-16,Electrical,33154.22,Approved,2024-02-22
808,391,2025-02-06,Brakes,11879.83,Approved,2025-02-18
809,4345,2024-07-08,Electrical,8305.42,Approved,2024-07-12
810,5100,2025-11-27,Suspension,22402.12,Rejected,
811,2062,2024-01-13,Suspension,4596.11,Approved,2024-01-23
812,587,2024-07-08,Engine,20095.91,Approved,2024-07-15
813,2768,2024-09-04,AC,31341.1,Pending,
814,1292,2025-07-21,AC,48721.52,Approved,2025-08-03
815,4318,2025-04-24,Brakes,9269.09,Approved,2025-04-28
816,1141,2024-01-29,AC,28428.25,Approved,2024-02-08
817,2361,2025-06-16,Brakes,7733.49,Approved,2025-06-20
818,253,2024-06-11,Other,2591.85,Approved,2024-06-22
819,1598,2024-03-10,Transmission,8370.8,Pending,
820,3206,2025-04-18,Engine,5777.32,Approved,2025-04-30
821,1706,2025-03-15,Electrical,2531.29,Rejected,
822,2171,2025-07-21,Brakes,15969.47,Approved,2025-08-04
823,4640,2024-04-07,Electrical,12161.66,Approved,2024-04-12
824,3387,2024-05-17,Transmission,21264.82,Approved,2024-05-24
825,4934,2024-04-22,Transmission,4563.98,Approved,2024-05-05
826,4166,2024-02-12,Engine,15643.43,Approved,2024-02-16
827,1474,2024-03-05,Other,31062.6,Approved,2024-03-16
828,1459,2025-10-18,Other,1606.47,Approved,2025-10-24
829,1736,2024-06-08,AC,14825.83,Approved,2024-06-11
830,5023,2025-03-16,Other,12843.25,Approved,2025-03-29
831,3165,2025-02-18,AC,26117.88,Approved,2025-02-23
832,3829,2025-12-09,Electrical,7021.48,Rejected,
833,246,2024-07-06,Transmission,23021.98,Approved,2024-07-19
834,2045,2024-07-04,Suspension,40361.01,Approved,2024-07-07
835,4037,2024-02-17,Other,5191.94,Approved,2024-03-01
836,3698,2025-10-09,AC,17456.35,Rejected,
837,2707,2024-07-29,Engine,15348.16,Pending,
838,2868,2025-05-01,Other,7511.68,Approved,2025-05-14
839,2004,2024-10-02,Electrical,2654.9,Approved,2024-10-14
840,3674,2025-01-22,Transmission,48828.11,Approved,2025-01-27
841,1874,2025-01-11,Other,52086.38,Approved,2025-01-17
842,91,2025-11-07,Transmission,3174.24,Approved,2025-11-21
843,1294,2025-10-03,Transmission,18292.47,Rejected,
844,2880,2024-08-11,Transmission,7972.0,Approved,2024-08-15
845,4591,2025-05-17,Other,18455.38,Approved,2025-05-24
846,3024,2025-06-10,AC,3288.92,Approved,2025-06-25
847,269,2024-01-24,Other,24493.75,Approved,2024-02-08
848,3281,2024-10-09,Electrical,7079.55,Approved,2024-10-24
849,4708,2024-10-07,Engine,36278.15,Approved,2024-10-20
850,4386,2025-09-23,Electrical,64566.22,Approved,2025-10-05
851,2581,2025-12-12,AC,6395.8,Pending,
852,1670,2025-03-25,Transmission,2812.07,Approved,2025-04-01
853,4290,2025-05-08,Transmission,22789.34,Approved,2025-05-12
854,1575,2024-06-29,Suspension,3438.0,Approved,2024-07-10
855,3509,2024-10-31,Engine,35447.85,Approved,2024-11-03
856,3323,2025-04-28,Other,4560.07,Approved,2025-05-01
857,3146,2024-12-31,AC,47105.55,Pending,
858,1339,2024-05-11,Other,14250.31,Approved,2024-05-26
859,157,2024-09-13,Engine,5880.41,Approved,2024-09-24
860,776,2025-06-13,Suspension,5124.7,Approved,2025-06-26
861,551,2024-09-25,Transmission,45870.87,Rejected,
862,1644,2024-05-12,Electrical,8450.84,Approved,2024-05-26
863,4250,2024-07-23,Brakes,18809.73,Approved,2024-07-27
864,4907,2024-04-30,Other,21791.69,Rejected,
865,4456,2025-12-31,Electrical,15966.0,Approved,2026-01-05
866,2310,2025-07-02,Suspension,31405.07,Approved,2025-07-11
867,1978,2024-11-20,Engine,50824.44,Approved,2024-11-27
868,2135,2024-06-19,Suspension,16665.92,Rejected,
869,2731,2025-12-12,AC,11569.17,Approved,2025-12-18
870,3643,2025-04-01,Suspension,39362.79,Rejected,
871,110,2024-09-20,Electrical,31150.37,Approved,2024-09-26
872,1340,2025-03-28,Brakes,15344.51,Approved,2025-04-10
873,2692,2025-03-17,Engine,36633.13,Rejected,
874,3755,2024-05-26,Other,36035.04,Pending,
875,1912,2025-11-22,AC,13154.32,Pending,
876,1675,2024-11-06,Brakes,24794.84,Approved,2024-11-21
877,803,2024-05-21,Other,41632.34,Approved,2024-05-28
878,4636,2024-08-09,Transmission,14011.49,Approved,2024-08-22
879,2442,2025-01-14,Brakes,22589.24,Approved,2025-01-19
880,420,2024-12-31,AC,3466.01,Approved,2025-01-12
881,843,2025-08-29,Engine,17745.23,Approved,2025-09-07
882,4803,2024-05-13,Suspension,2140.19,Approved,2024-05-25
883,2504,2025-07-03,Engine,10822.34,Approved,2025-07-14
884,2939,2025-04-15,Electrical,9374.26,Rejected,
885,2283,2024-12-08,Suspension,16923.18,Approved,2024-12-13
886,213,2025-04-12,Other,40332.18,Approved,2025-04-23
887,3376,2025-12-13,Brakes,26183.77,Approved,2025-12-28
888,3371,2025-10-25,Suspension,27362.41,Pending,
889,1765,2024-08-08,AC,4236.61,Approved,2024-08-11
890,861,2025-10-26,Engine,3266.46,Approved,2025-11-06
891,3014,2025-11-20,AC,3915.29,Approved,2025-12-02
892,1652,2025-02-24,Engine,35427.28,Approved,2025-03-08
893,3346,2024-07-13,Other,6752.12,Approved,2024-07-22
894,1091,2024-04-23,Other,4712.5,Approved,2024-05-08
895,3357,2024-05-26,AC,998.64,Approved,2024-06-01
896,3154,2025-02-11,Other,9891.57,Approved,2025-02-13
897,1083,2024-03-23,Transmission,6114.06,Approved,2024-04-04
898,590,2025-03-27,Engine,10004.92,Approved,2025-04-07
899,1950,2025-06-25,Electrical,16028.76,Pending,
900,1650,2024-08-14,Electrical,1362.11,Approved,2024-08-19
901,42,2025-03-23,Suspension,7482.18,Approved,2025-03-28
902,2590,2024-04-23,Electrical,2664.34,Approved,2024-04-27
903,604,2025-05-19,Suspension,16821.05,Rejected,
904,4696,2025-07-01,Electrical,38101.75,Approved,2025-07-08
905,3067,2025-10-09,Electrical,13480.37,Pending,
906,2574,2024-02-01,Engine,57304.22,Approved,2024-02-04
907,3902,2024-06-14,Suspension,27568.77,Approved,2024-06-17
908,305,2024-07-19,Brakes,25207.49,Approved,2024-07-26
909,2716,2024-04-11,Suspension,35804.43,Rejected,
910,2661,2024-09-01,Electrical,3289.06,Pending,
911,4618,2025-10-03,Engine,2743.11,Pending,
912,1403,2024-07-08,Electrical,6946.9,Approved,2024-07-11
913,944,2025-10-21,Engine,45199.25,Rejected,
914,3705,2025-06-18,Electrical,3122.2,Approved,2025-06-21
915,1825,2025-02-26,Electrical,4027.99,Approved,2025-03-10
916,4656,2025-11-01,Engine,14579.08,Approved,2025-11-03
917,2617,2025-06-12,Brakes,9016.94,Approved,2025-06-14
918,571,2024-12-10,Transmission,15753.74,Approved,2024-12-20
919,1034,2025-06-26,AC,5204.39,Approved,2025-07-01
920,2335,2024-04-16,Electrical,6810.47,Approved,2024-04-18
921,1387,2025-09-07,Transmission,24688.76,Approved,2025-09-19
922,152,2024-07-15,Other,22355.33,Approved,2024-07-25
923,177,2024-05-21,Other,6802.58,Approved,2024-05-31
924,995,2024-11-29,AC,6505.1,Pending,
925,2565,2025-10-08,AC,9027.19,Approved,2025-10-22
926,4583,2024-02-17,Electrical,9796.19,Pending,
927,2055,2025-12-28,AC,27449.31,Approved,2026-01-06
928,4030,2025-08-13,Electrical,30642.29,Approved,2025-08-21
929,1223,2025-03-13,Transmission,7758.32,Approved,2025-03-20
930,261,2025-09-01,Brakes,6908.66,Approved,2025-09-10
931,857,2025-04-16,AC,30905.18,Approved,2025-04-25
932,2276,2025-04-13,AC,26573.77,Approved,2025-04-15
933,1910,2025-04-08,Brakes,19312.9,Approved,2025-04-23
934,4887,2024-09-18,AC,2266.61,Approved,2024-09-22
935,1175,2025-04-19,Brakes,28565.24,Approved,2025-04-27
936,4036,2024-11-11,Electrical,2409.58,Approved,2024-11-25
937,367,2024-09-28,Transmission,15562.31,Approved,2024-10-13
938,545,2024-03-08,Other,5431.74,Rejected,
939,185,2025-08-12,AC,11234.13,Approved,2025-08-20
940,536,2025-03-23,Brakes,2511.81,Approved,2025-04-07
941,1682,2024-10-09,Brakes,15681.82,Approved,2024-10-14
942,2418,2025-06-06,Transmission,16408.43,Approved,2025-06-11
943,895,2024-11-12,Other,29321.66,Approved,2024-11-27
944,4412,2024-01-21,Electrical,6054.79,Pending,
